Unified School District Name,Unified School District Code,Washington School District Code,Educational Service District Code,Estimated Total Population 2000,Estimated Total Population 2001,Estimated Total Population 2002,Estimated Total Population 2003,Estimated Total Population 2004,Estimated Total Population 2005,Estimated Total Population 2006,Estimated Total Population 2007,Estimated Total Population 2008,Estimated Total Population 2009,Estimated Total Population 2010,Estimated Total Population 2011,Estimated Total Population 2012,Estimated Total Population 2013,Estimated Total Population 2014,Estimated Total Population 2015,Estimated Total Population 2016,Numeric Change in Population 2000 to 2010,Percent Change in Population 2000 to 2010,Numeric Change in Population 2010 to 2016,Percent Change in Population 2010 to 2016,SAEP Version
Aberdeen School District,30,14005,113,20054,20368,20386,20315,20364,20447,20537,20537,20480,20430,20368,20341,20364,20323,20317,20229,20172,314,1.57%,-196,,"September 21, 2016"
Adna School District,60,21226,113,2866,2956,3045,3115,3201,3289,3403,3505,3598,3675,3736,3791,3799,3795,3805,3838,3854,870,30.37%,118,3.15%,"September 21, 2016"
Almira School District,90,22017,101,513,515,509,499,502,500,499,500,500,495,489,490,490,490,485,484,477,-24,(  4.760%),-12,,"September 21, 2016"
Anacortes School District,150,29103,189,18643,18790,18999,19059,19309,19494,19794,20030,20223,20356,20332,20447,20561,20716,20867,21038,21435,1689,9.06%,1103,5.42%,"September 21, 2016"
Arlington School District,240,31016,189,23682,24331,24964,25567,26096,26776,27547,28254,28832,29266,29735,29799,29904,30268,30448,30928,31319,6053,25.56%,1584,5.33%,"September 21, 2016"
Asotin-Anatone School District,280,2420,123,2859,2897,2920,2952,2985,3031,3088,3146,3185,3218,3245,3249,3263,3296,3327,3340,3391,386,13.49%,146,4.49%,"September 21, 2016"
Auburn School District,300,17408,121,68680,70178,71822,73015,74296,75646,77660,79487,81049,82493,84053,84558,85136,87174,88787,89961,91831,15373,22.38%,7778,9.25%,"September 21, 2016"
Bainbridge Island School District,330,18303,121,20308,20583,20927,21276,21497,21511,21991,22399,22718,22939,23025,23030,23090,23190,23360,23390,23760,2717,13.38%,735,3.19%,"September 21, 2016"
Battle Ground School District,380,6119,112,47172,48899,51279,53261,55541,57533,59662,61472,63047,64357,65182,65834,66381,67244,68471,70354,72777,18010,38.18%,7595,11.65%,"September 21, 2016"
Bellevue School District,390,17405,121,113798,114754,115945,116389,116974,117659,119380,120819,121879,122814,124003,124975,126227,127855,129988,130772,135329,10205,8.97%,11326,9.13%,"September 21, 2016"
Bellingham School District,420,37501,189,85903,87896,89428,90186,92233,94514,96998,99524,100607,101530,102121,102258,102569,103482,103910,104806,105959,16218,18.88%,3838,3.76%,"September 21, 2016"
Benge School District,450,1122,101,87,84,81,77,74,71,67,64,60,57,54,55,54,54,55,53,52,-33,( 37.955%),-2,,"September 21, 2016"
Bethel School District,480,27403,121,79736,81706,84065,86314,88672,91215,94243,96765,98619,99860,100548,102659,104746,106466,108187,109983,112227,20812,26.10%,11679,11.62%,"September 21, 2016"
Bickleton School District,510,20203,105,400,397,392,389,387,383,382,379,375,370,366,374,377,377,380,375,375,-34,(  8.511%),9,2.56%,"September 21, 2016"
Blaine School District,570,37503,189,11358,11870,12320,12661,13182,13739,14329,14930,15314,15672,15974,16179,16386,16545,16792,17030,17251,4616,40.64%,1277,7.99%,"September 21, 2016"
Boistfort School District,630,21234,113,865,869,872,870,873,876,886,893,897,897,894,904,898,897,885,890,895,29,3.38%,1,0.13%,"September 21, 2016"
Bremerton School District,660,18100,114,43575,43721,44012,44312,44342,43953,44516,44929,45159,45193,44966,46051,46850,45126,45471,46537,47483,1391,3.19%,2517,5.6%,"September 21, 2016"
Brewster School District,690,24111,171,4437,4454,4459,4459,4470,4477,4520,4500,4518,4556,4566,4561,4599,4638,4680,4723,4721,129,2.90%,155,3.4%,"September 21, 2016"
Bridgeport School District,720,9075,171,2837,2849,2846,2895,2922,2958,3038,3099,3166,3226,3252,3252,3267,3286,3310,3317,3356,415,14.61%,104,3.21%,"September 21, 2016"
Brinnon School District,750,16046,114,1197,1203,1213,1212,1219,1235,1246,1253,1260,1256,1250,1271,1291,1286,1316,1331,1346,53,4.42%,96,7.69%,"September 21, 2016"
Burlington-Edison School District,780,29100,189,18152,18410,18729,18902,19262,19558,19971,20320,20625,20869,20952,21012,21037,21042,21099,21293,21801,2800,15.43%,849,4.05%,"September 21, 2016"
Camas School District,810,6117,112,18199,19181,20422,21508,22718,23814,24968,25990,26911,27716,28306,28622,29013,29426,30085,30623,31327,10107,55.54%,3021,10.67%,"September 21, 2016"
Cape Flattery School District,840,5401,114,3395,3366,3344,3315,3299,3290,3297,3285,3268,3233,3197,3199,3202,3188,3161,3186,3201,-198,(  5.842%),4,0.14%,"September 21, 2016"
Carbonado School District,870,27019,121,793,799,808,815,824,835,849,859,863,862,856,856,846,847,846,852,875,63,7.89%,19,2.28%,"September 21, 2016"
Cascade School District,950,4228,171,9401,9374,9379,9330,9336,9402,9466,9522,9597,9586,9560,9574,9711,9737,9786,9941,10160,159,1.69%,600,6.28%,"September 21, 2016"
Cashmere School District,960,4222,171,7203,7195,7211,7184,7201,7264,7325,7381,7451,7454,7446,7409,7454,7456,7338,7383,7475,243,3.37%,29,0.4%,"September 21, 2016"
Castle Rock School District,990,8401,112,9350,9422,9462,9512,9549,9615,9720,9808,9883,9906,9891,9909,10008,10036,10052,10142,10191,541,5.78%,300,3.04%,"September 21, 2016"
Centerville School District,1050,20215,112,567,563,558,553,551,546,545,541,536,530,524,535,534,542,542,540,540,-43,(  7.629%),16,2.99%,"September 21, 2016"
Central Kitsap School District,1080,18401,114,67466,67610,67981,68362,68329,67651,68438,68993,69266,69239,68814,69460,68958,69344,69853,70333,71883,1348,2.00%,3069,4.46%,"September 21, 2016"
Central Valley School District,1110,32356,101,62695,64053,65478,66057,67071,68600,70472,72158,73687,75194,76487,76919,78185,79366,80561,82036,83297,13792,22.00%,6810,8.9%,"September 21, 2016"
Centralia School District,1140,21401,113,21035,21245,21444,21514,21697,21894,22257,22536,22763,22884,22909,23008,23075,22980,22975,23060,23093,1874,8.91%,184,0.8%,"September 21, 2016"
Chehalis School District,1170,21302,113,13220,13368,13506,13562,13689,13824,14068,14256,14412,14499,14527,14611,14700,14700,14744,14781,14872,1307,9.88%,345,2.37%,"September 21, 2016"
Cheney School District,1230,32360,101,25198,25977,26784,27241,27875,28722,29714,30631,31482,32324,33075,33635,34271,35060,35594,36212,36692,7877,31.26%,3617,10.94%,"September 21, 2016"
Chewelah School District,1260,33036,101,5367,5426,5486,5555,5628,5713,5812,5889,5983,6036,6060,6053,6075,6075,6071,6118,6121,693,12.91%,61,1.01%,"September 21, 2016"
Chimacum School District,1290,16049,114,9555,9738,9961,10083,10277,10553,10783,10978,11171,11268,11350,11397,11433,11446,11584,11644,11720,1795,18.79%,370,3.26%,"September 21, 2016"
Clarkston School District,1320,2250,123,17753,17816,17797,17824,17863,17980,18162,18343,18416,18456,18461,18483,18519,18589,18708,18755,18841,708,3.99%,380,2.06%,"September 21, 2016"
Cle Elum-Roslyn School District,1350,19404,105,6295,6369,6443,6591,6801,6933,6997,7142,7296,7370,7379,7495,7632,7783,7909,8080,8300,1084,17.22%,921,12.48%,"September 21, 2016"
Clover Park School District,1410,27400,121,82166,81534,81286,80918,80640,80511,80775,80573,79811,78579,76963,80959,81123,80395,80753,79912,80931,-5203,(  6.333%),3968,5.16%,"September 21, 2016"
Colfax School District,1440,38300,101,4116,4042,4036,3980,3999,4026,4008,3953,4020,3965,3985,3979,3962,3964,3950,3972,4000,-131,(  3.180%),15,0.38%,"September 21, 2016"
College Place School District,1470,36250,123,11085,11178,11313,11484,11716,11997,12149,12366,12537,12748,12899,12962,13042,13179,13367,13375,13541,1814,16.37%,642,4.97%,"September 21, 2016"
Colton School District,1500,38306,101,1160,1137,1134,1116,1120,1126,1119,1102,1119,1102,1106,1117,1114,1137,1156,1158,1170,-54,(  4.617%),64,5.83%,"September 21, 2016"
Columbia School District (Stevens),1560,33206,101,1078,1085,1093,1102,1112,1125,1140,1151,1165,1171,1172,1175,1178,1181,1186,1192,1192,94,8.74%,20,1.73%,"September 21, 2016"
Columbia School District (Walla Walla),1590,36400,123,3864,3837,3824,3825,3844,3880,3873,3887,3887,3899,3892,3908,3942,3957,3987,3912,3889,28,0.71%,-3,,"September 21, 2016"
Colville School District,1630,33115,101,11742,11701,11665,11649,11640,11655,11697,11695,11726,11675,11571,11584,11609,11615,11646,11652,11642,-171,(  1.457%),71,0.61%,"September 21, 2016"
Concrete School District,1660,29011,189,4663,4676,4703,4694,4731,4754,4803,4838,4860,4868,4840,4851,4864,4869,4904,4957,5022,177,3.79%,182,3.77%,"September 21, 2016"
Conway School District,1680,29317,189,2888,2906,2934,2938,2972,2996,3038,3069,3094,3110,3102,3120,3134,3112,3128,3161,3216,214,7.41%,114,3.67%,"September 21, 2016"
Cosmopolis School District,1710,14099,113,1910,1948,1957,1957,1969,1985,2001,2008,2010,2012,2013,2013,2008,2017,2010,2002,2007,103,5.37%,-6,,"September 21, 2016"
Coulee-Hartline School District,3440,13151,171,1387,1381,1372,1359,1359,1354,1360,1368,1381,1386,1384,1399,1416,1449,1452,1467,1473,-3,(  0.232%),89,6.43%,"September 21, 2016"
Coupeville School District,1800,15204,189,8461,8562,8732,8830,8981,9190,9380,9546,9624,9686,9696,9753,9868,9984,10073,10175,10200,1235,14.60%,504,5.2%,"September 21, 2016"
Crescent School District,1830,5313,114,2402,2416,2435,2448,2472,2501,2542,2569,2592,2601,2609,2616,2633,2648,2648,2651,2694,207,8.63%,85,3.24%,"September 21, 2016"
Creston School District,1860,22073,101,896,930,949,959,995,1023,1051,1083,1114,1135,1151,1182,1198,1224,1265,1291,1301,255,28.44%,150,13.03%,"September 21, 2016"
Curlew School District,1890,10050,101,1631,1628,1617,1601,1575,1564,1556,1541,1530,1518,1497,1506,1511,1512,1511,1524,1523,-134,(  8.204%),26,1.73%,"September 21, 2016"
Cusick School District,1920,26059,101,1838,1862,1873,1885,1891,1909,1924,1955,1974,1984,1989,1986,2008,2009,2012,2020,2025,151,8.19%,36,1.83%,"September 21, 2016"
Damman School District,1950,19007,105,634,644,654,671,695,711,720,738,756,766,769,777,780,791,791,800,812,135,21.38%,43,5.64%,"September 21, 2016"
Darrington School District,1980,31330,189,2908,2943,2976,3005,3028,3066,3115,3156,3184,3196,3210,3230,3238,3261,3212,3248,3286,302,10.38%,76,2.36%,"September 21, 2016"
Davenport School District,2010,22207,101,2684,2741,2752,2740,2802,2840,2880,2929,2977,2996,3002,3003,3010,2983,2981,2978,2966,318,11.85%,-36,,"September 21, 2016"
Dayton School District,2040,7002,123,3742,3792,3797,3798,3812,3829,3827,3800,3808,3810,3797,3818,3820,3823,3806,3818,3783,55,1.47%,-14,,"September 21, 2016"
Deer Park School District,2070,32414,101,8763,8964,9173,9303,9477,9708,9980,10224,10460,10673,10849,10918,11007,11140,11243,11361,11467,2086,23.81%,618,5.69%,"September 21, 2016"
Dieringer School District,2130,27343,121,6391,6623,6887,7142,7406,7687,8009,8289,8513,8682,8802,9004,9190,9443,9530,9644,9769,2411,37.73%,967,10.98%,"September 21, 2016"
Dixie School District,2160,36101,123,525,518,513,510,509,510,506,504,501,499,495,499,504,512,516,505,503,-30,(  5.702%),8,1.68%,"September 21, 2016"
East Valley School District (Spokane),2280,32361,101,23238,23488,23763,23733,23864,24178,24611,24977,25287,25588,25817,25857,26053,26198,26367,26478,26630,2579,11.10%,813,3.15%,"September 21, 2016"
East Valley School District (Yakima),5370,39090,105,12360,12656,12888,13269,13586,13895,14239,14585,14938,15264,15549,15742,15926,16048,16240,16922,17586,3189,25.80%,2037,13.1%,"September 21, 2016"
Eastmont School District,2310,9206,171,24588,24838,24965,25562,25949,26430,27308,28031,28804,29500,29884,30039,30190,30468,30767,31002,31589,5296,21.54%,1705,5.7%,"September 21, 2016"
Easton School District,2340,19028,105,861,884,906,939,981,1012,1033,1065,1100,1122,1134,1149,1160,1180,1189,1204,1243,273,31.68%,109,9.63%,"September 21, 2016"
Eatonville School District,2370,27404,121,10079,10266,10501,10721,10955,11211,11526,11779,11951,12050,12084,12170,12277,12373,12411,12487,12678,2005,19.89%,594,4.92%,"September 21, 2016"
Edmonds School District,2400,31015,189,140714,142356,143899,145266,146223,148021,150306,152227,153445,153913,154583,155132,156410,157311,160081,164266,168285,13869,9.86%,13702,8.86%,"September 21, 2016"
Ellensburg School District,2460,19401,105,21506,21889,22270,22907,23759,24344,24689,25321,25985,26364,26508,26666,26683,26848,26892,27258,27947,5002,23.26%,1439,5.43%,"September 21, 2016"
Elma School District,2490,14068,113,7989,8188,8277,8331,8434,8553,8674,8761,8823,8881,8932,8914,8935,8940,8967,8966,8878,943,11.81%,-54,,"September 21, 2016"
Endicott School District,2520,38308,101,643,623,615,598,594,590,579,563,565,549,544,547,550,552,557,554,559,-99,( 15.354%),15,2.74%,"September 21, 2016"
Entiat School District,2550,4127,171,2170,2163,2163,2151,2151,2165,2179,2191,2207,2204,2197,2227,2239,2258,2264,2299,2328,27,1.26%,131,5.95%,"September 21, 2016"
Enumclaw School District,1,17216,121,25443,25403,25414,25262,25143,25047,25171,25233,25215,25171,25179,25269,25376,25561,25831,25900,26418,-264,(  1.039%),1239,4.92%,"September 21, 2016"
Ephrata School District,2610,13165,171,10322,10420,10496,10507,10645,10737,10900,11098,11337,11507,11632,11716,11817,11974,12092,12180,12267,1310,12.69%,635,5.46%,"September 21, 2016"
Evaline School District,2640,21036,113,676,691,706,717,732,747,767,785,802,814,823,828,836,834,841,850,855,147,21.82%,32,3.95%,"September 21, 2016"
Everett School District,2670,31002,189,113230,115098,116887,118533,119843,121843,124248,126356,127883,128781,129842,130445,131116,132819,135759,138750,141599,16612,14.67%,11757,9.06%,"September 21, 2016"
Evergreen School District (Clark),2700,6114,112,116477,118550,122186,124844,128178,130826,133772,135995,137707,138861,139009,139200,139874,140768,142793,145093,146950,22532,19.34%,7941,5.71%,"September 21, 2016"
Evergreen School District (Stevens),2730,33205,101,392,395,397,400,404,408,413,417,422,424,424,423,424,429,428,430,435,32,8.05%,11,2.52%,"September 21, 2016"
Federal Way School District,2820,17210,121,123057,123753,124701,124847,125148,125557,127071,128282,129089,129763,130706,130812,131219,131980,133126,133996,137566,7649,6.22%,6860,5.25%,"September 21, 2016"
Ferndale School District,2850,37502,189,25474,26076,26541,26776,27394,28082,28830,29591,29923,30207,30392,30616,30963,31471,32052,32547,33123,4918,19.31%,2731,8.99%,"September 21, 2016"
Fife Public Schools,2880,27417,121,15492,15970,16515,17020,17546,18105,18775,19357,19821,20182,20462,20500,20573,20704,21020,21368,21784,4970,32.08%,1322,6.46%,"September 21, 2016"
Finley School District,2910,3053,123,4819,4829,4847,4886,4933,4964,4980,4994,4997,5039,5080,5130,5159,5201,5227,5163,5171,261,5.42%,91,1.8%,"September 21, 2016"
Franklin Pierce School District,2940,27402,121,43535,44164,45002,45779,46612,47539,48713,49619,50183,50439,50424,50427,50682,50803,50859,51222,51886,6889,15.82%,1462,2.9%,"September 21, 2016"
Freeman School District,2970,32358,101,3515,3592,3674,3708,3767,3854,3961,4057,4145,4231,4305,4314,4348,4387,4405,4408,4431,790,22.49%,126,2.94%,"September 21, 2016"
Garfield School District,3000,38302,101,822,806,804,793,796,800,796,785,797,786,789,791,790,796,800,800,804,-33,(  3.977%),15,1.94%,"September 21, 2016"
Glenwood School District,3030,20401,112,536,528,519,511,505,497,492,484,476,466,457,461,461,464,472,471,472,-79,( 14.748%),15,3.37%,"September 21, 2016"
Goldendale School District,3090,20404,105,6885,6907,6913,6926,6971,6985,7043,7067,7083,7076,7076,7136,7183,7194,7235,7265,7327,191,2.78%,251,3.55%,"September 21, 2016"
Grand Coulee Dam School District,3130,13301,171,4274,4266,4245,4208,4208,4195,4211,4210,4232,4245,4236,4338,4310,4341,4366,4407,4408,-38,(  0.887%),172,4.05%,"September 21, 2016"
Grandview School District,3150,39200,105,12892,13078,13202,13476,13687,13888,14123,14359,14599,14818,14998,15084,15197,15219,15390,15404,15303,2106,16.34%,305,2.03%,"September 21, 2016"
Granger School District,3180,39204,105,5095,5151,5182,5273,5338,5399,5475,5551,5630,5698,5751,5788,5803,5850,6057,6200,6438,656,12.89%,687,11.94%,"September 21, 2016"
Granite Falls School District,3210,31332,189,10494,10792,11084,11362,11607,11920,12272,12597,12864,13067,13285,13408,13517,13585,13727,13992,14156,2791,26.60%,871,6.55%,"September 21, 2016"
Grapeview School District,3240,23054,113,1755,1816,1892,1967,2053,2149,2244,2354,2450,2514,2567,2588,2618,2637,2647,2679,2696,812,46.25%,129,5.03%,"September 21, 2016"
Great Northern School District,3270,32312,101,580,591,603,607,616,628,645,659,672,684,695,700,711,716,721,729,729,115,19.80%,34,4.86%,"September 21, 2016"
Green Mountain School District,3300,6103,112,710,719,738,751,768,781,795,806,813,817,815,817,820,825,828,846,854,105,14.81%,39,4.79%,"September 21, 2016"
Griffin School District,3330,34324,113,5390,5385,5414,5446,5495,5578,5625,5689,5748,5787,5791,5825,5873,5904,5980,6050,6162,401,7.45%,371,6.4%,"September 21, 2016"
Harrington School District,3360,22204,101,737,744,739,727,736,737,740,744,748,745,739,735,738,738,735,736,725,2,0.23%,-14,,"September 21, 2016"
Highland School District,3510,39203,105,5455,5461,5440,5482,5497,5509,5535,5561,5589,5607,5610,5647,5671,5734,5775,5799,5789,155,2.84%,179,3.19%,"September 21, 2016"
Highline School District,3540,17401,121,122088,122259,122679,122312,122100,121997,122967,123638,123918,124071,124481,124509,125037,126012,127506,128394,130464,2393,1.96%,5983,4.81%,"September 21, 2016"
Hockinson School District,3570,6098,112,7685,7776,7968,8097,8268,8395,8541,8640,8708,8740,8710,8985,9036,9067,9143,9306,9538,1025,13.34%,828,9.5%,"September 21, 2016"
Hood Canal School District,3600,23404,113,4826,4880,4976,5070,5192,5337,5479,5657,5798,5865,5908,5970,6015,6076,6111,6177,6180,1082,22.41%,272,4.61%,"September 21, 2016"
Hoquiam School District,3660,14028,113,11271,11382,11326,11221,11183,11163,11146,11081,10986,10894,10797,10735,10741,10692,10701,10646,10627,-474,(  4.209%),-170,,"September 21, 2016"
Inchelium School District,2,10070,101,1170,1181,1186,1188,1181,1186,1194,1196,1201,1205,1202,1209,1216,1212,1211,1219,1211,32,2.73%,9,0.75%,"September 21, 2016"
Index School District,3720,31063,189,511,513,515,517,517,520,524,528,529,527,526,528,533,536,539,529,541,15,2.94%,15,2.84%,"September 21, 2016"
Issaquah School District,3750,17411,121,73005,75528,78208,80377,82627,84937,88000,90872,93466,95963,98660,99624,100863,102966,105379,106490,108602,25655,35.14%,9942,10.08%,"September 21, 2016"
Kahlotus School District,3780,11056,123,452,430,416,409,409,410,410,405,397,390,384,381,385,393,378,381,386,-68,( 15.050%),2,0.61%,"September 21, 2016"
Kalama School District,3810,8402,112,4761,4930,5080,5242,5390,5557,5744,5924,6097,6238,6354,6419,6474,6522,6582,6655,6779,1593,33.47%,425,6.69%,"September 21, 2016"
Keller School District,3870,10003,101,470,477,481,483,483,487,492,495,499,502,503,505,506,503,502,504,501,33,6.92%,-2,,"September 21, 2016"
Kelso School District,3,8458,112,26130,26418,26604,26853,27032,27304,27672,28001,28297,28445,28482,28555,28579,28659,28715,28754,28799,2352,9.00%,317,1.11%,"September 21, 2016"
Kennewick School District,3930,3017,123,68439,69923,71517,73410,75448,77231,78799,80304,81644,83617,85577,86572,87221,88733,90248,91253,92384,17138,25.04%,6807,7.96%,"September 21, 2016"
Kent School District,3960,17415,121,138061,140000,142226,143533,145007,146600,149487,152028,154094,156001,158233,158526,159746,161772,163501,164934,167103,20172,14.61%,8870,5.61%,"September 21, 2016"
Kettle Falls School District,3990,33212,101,5144,5165,5183,5207,5227,5264,5314,5343,5387,5399,5385,5383,5407,5419,5445,5463,5468,241,4.69%,83,1.54%,"September 21, 2016"
Kiona-Benton School District,4020,3052,123,7605,7660,7728,7828,7943,8030,8095,8154,8197,8303,8408,8593,8810,8831,8907,8933,8983,803,10.55%,575,6.83%,"September 21, 2016"
Kittitas School District,4050,19403,105,2845,2913,2979,3080,3210,3305,3367,3468,3573,3639,3673,3744,3772,3804,3831,3836,3880,828,29.09%,207,5.65%,"September 21, 2016"
Klickitat School District,4080,20402,112,682,673,663,654,647,637,632,623,614,603,592,594,595,594,590,587,594,-90,( 13.208%),2,0.42%,"September 21, 2016"
La Center School District,4170,6101,112,6733,6870,7097,7268,7478,7649,7837,7983,8098,8181,8204,8287,8333,8403,8487,8636,8770,1471,21.85%,566,6.9%,"September 21, 2016"
La Conner School District,4110,29311,189,4145,4195,4259,4289,4363,4421,4506,4576,4637,4683,4694,4694,4708,4711,4748,4783,4873,549,13.24%,179,3.82%,"September 21, 2016"
LaCrosse School District,4150,38126,101,788,766,757,738,734,730,718,700,703,685,680,677,677,677,682,683,689,-108,( 13.706%),9,1.28%,"September 21, 2016"
Lake Chelan School District,1200,4129,171,6809,6809,6830,6817,6841,6909,6979,7041,7118,7134,7135,7213,7295,7373,7491,7620,7807,326,4.79%,672,9.42%,"September 21, 2016"
Lake Quinault School District,7050,14097,113,1283,1292,1281,1265,1256,1250,1243,1232,1217,1202,1187,1193,1191,1190,1191,1171,1153,-96,(  7.507%),-34,,"September 21, 2016"
Lake Stevens School District,4200,31004,189,29888,30952,31997,33003,33914,35021,36248,37394,38368,39151,39977,40248,40729,41416,41921,43048,44284,10089,33.76%,4307,10.78%,"September 21, 2016"
Lake Washington School District,4230,17414,121,154876,157048,159542,161005,162656,164441,167676,170524,172839,174976,177476,179358,180777,182143,186375,189257,192333,22600,14.59%,14857,8.37%,"September 21, 2016"
Lakewood School District,4260,31306,189,11723,11965,12199,12418,12601,12857,13156,13424,13631,13770,13926,13934,14003,14021,14093,14633,15045,2203,18.79%,1119,8.04%,"September 21, 2016"
Lamont School District,4290,38264,101,219,212,208,201,199,196,192,186,185,179,176,186,185,186,186,185,187,-43,( 19.742%),11,6.31%,"September 21, 2016"
Liberty School District,4380,32362,101,3620,3701,3786,3821,3882,3973,4083,4183,4274,4363,4440,4451,4509,4540,4580,4574,4571,820,22.64%,131,2.95%,"September 21, 2016"
Lind School District,4410,1158,101,1151,1157,1160,1159,1174,1172,1164,1170,1175,1177,1185,1188,1198,1212,1211,1204,1190,34,2.94%,5,0.46%,"September 21, 2016"
Longview Public Schools,4470,8122,112,43496,43770,43877,44087,44181,44430,44833,45170,45454,45499,45370,45429,45529,45583,45679,45812,45937,1874,4.31%,567,1.25%,"September 21, 2016"
Loon Lake School District,4500,33183,101,1491,1510,1530,1551,1574,1600,1631,1655,1684,1701,1710,1726,1736,1757,1778,1777,1793,219,14.66%,83,4.87%,"September 21, 2016"
Lopez School District,4530,28144,189,2298,2342,2375,2383,2400,2430,2453,2461,2476,2484,2480,2508,2528,2533,2552,2564,2580,182,7.90%,100,4.05%,"September 21, 2016"
Lyle School District,4590,20406,112,2814,2815,2809,2806,2816,2813,2829,2830,2828,2817,2809,2834,2833,2868,2898,2899,2936,-5,(  0.177%),127,4.52%,"September 21, 2016"
Lynden School District,4620,37504,189,15611,15956,16217,16338,16693,17089,17522,17963,18143,18294,18386,18465,18757,19168,19389,19613,19964,2775,17.78%,1578,8.58%,"September 21, 2016"
Mabton School District,4650,39120,105,3218,3246,3258,3307,3341,3372,3412,3452,3494,3529,3555,3573,3595,3614,3633,3632,3624,337,10.47%,69,1.95%,"September 21, 2016"
Mansfield School District,4710,9207,171,504,498,489,490,486,485,490,493,496,498,495,498,505,507,508,509,520,-9,(  1.801%),25,5%,"September 21, 2016"
Manson School District,4740,4019,171,3060,3098,3147,3177,3225,3294,3363,3430,3504,3546,3583,3602,3668,3729,3781,3866,3964,523,17.08%,381,10.64%,"September 21, 2016"
Mary M. Knight School District,4800,23311,113,1260,1266,1280,1293,1313,1339,1363,1396,1419,1426,1428,1407,1415,1426,1435,1442,1438,168,13.35%,10,0.69%,"September 21, 2016"
Mary Walker School District,4830,33207,101,2747,2787,2829,2875,2922,2976,3038,3088,3147,3184,3206,3224,3232,3248,3246,3261,3273,459,16.70%,67,2.09%,"September 21, 2016"
Marysville School District,4860,31025,189,57398,58680,59924,61094,62090,63443,65010,66425,67535,68310,69169,69668,70378,70982,71454,72783,73415,11771,20.51%,4246,6.14%,"September 21, 2016"
McCleary School District,4890,14065,113,2629,2705,2742,2767,2808,2854,2902,2937,2964,2990,3015,3019,3018,3020,3029,3037,3024,386,14.69%,9,0.29%,"September 21, 2016"
Mead School District,4920,32354,101,39979,41060,42183,42759,43614,44802,46217,47511,48703,49882,50919,51025,51282,51577,52302,52727,53242,10940,27.36%,2323,4.56%,"September 21, 2016"
Medical Lake School District,4950,32326,101,11280,11272,11277,11138,11077,11101,11179,11225,11245,11260,11244,11058,11069,11177,11220,11128,11064,-36,(  0.315%),-180,,"September 21, 2016"
Mercer Island School District,4980,17400,121,22037,22091,22190,22146,22130,22134,22333,22478,22551,22602,22699,22710,22690,22720,23310,23480,23660,662,3.01%,961,4.23%,"September 21, 2016"
Meridian School District,5010,37505,189,7859,8085,8269,8381,8612,8866,9140,9418,9559,9685,9779,9844,9915,10025,10130,10272,10414,1920,24.43%,635,6.49%,"September 21, 2016"
Methow Valley School District,5020,24350,171,4668,4737,4795,4832,4890,4940,5025,5034,5090,5174,5230,5295,5376,5416,5510,5580,5583,562,12.03%,353,6.76%,"September 21, 2016"
Mill A School District,5040,30031,112,548,538,531,522,518,517,517,510,500,491,482,484,483,483,482,482,484,-66,( 11.987%),2,0.43%,"September 21, 2016"
Monroe School District,5130,31103,189,32211,32809,33385,33921,34360,34996,35750,36419,36921,37240,37606,37668,37760,37937,38337,38747,39544,5395,16.75%,1938,5.15%,"September 21, 2016"
Montesano School District,5160,14066,113,7368,7540,7603,7633,7707,7795,7886,7941,7975,8011,8042,8077,8087,8102,8072,8045,7993,674,9.15%,-49,,"September 21, 2016"
Morton School District,5190,21214,113,2676,2686,2694,2686,2692,2699,2728,2745,2757,2755,2742,2762,2765,2762,2769,2787,2802,66,2.47%,60,2.2%,"September 21, 2016"
Moses Lake School District,5220,13161,171,32323,32952,33512,33856,34607,35208,36041,36991,38084,38949,39664,39989,40470,40849,41458,42167,42491,7341,22.71%,2827,7.13%,"September 21, 2016"
Mossyrock School District,5250,21206,113,3530,3581,3629,3655,3701,3748,3825,3888,3941,3976,3994,4046,4080,4093,4105,4124,4137,464,13.16%,143,3.57%,"September 21, 2016"
Mount Adams School District,5280,39209,105,4573,4545,4496,4499,4480,4457,4447,4436,4426,4409,4380,4407,4438,4438,4442,4455,4433,-193,(  4.225%),53,1.21%,"September 21, 2016"
Mount Baker School District,5310,37507,189,11895,12192,12426,12551,12856,13194,13560,13932,14103,14251,14352,14500,14571,14628,14760,14884,15062,2457,20.66%,710,4.95%,"September 21, 2016"
Mount Pleasant School District,5340,30029,112,310,311,313,314,317,323,329,331,331,331,332,332,331,337,336,339,338,22,7.00%,6,1.71%,"September 21, 2016"
Mount Vernon School District,5400,29320,189,31319,31802,32391,32726,33387,33936,34688,35329,35894,36354,36531,36638,36916,37345,37778,38149,38443,5212,16.64%,1912,5.23%,"September 21, 2016"
Mukilteo School District,5430,31006,189,77219,78961,80651,82242,83598,85436,87561,89482,90992,92051,93222,93685,94452,95311,96401,98618,100986,16003,20.72%,7764,8.33%,"September 21, 2016"
Naches Valley School District,5460,39003,105,8189,8163,8098,8127,8115,8099,8103,8108,8115,8107,8078,8172,8216,8242,8303,8351,8318,-111,(  1.360%),240,2.97%,"September 21, 2016"
Napavine School District,5490,21014,113,3797,3854,3908,3938,3989,4042,4127,4196,4255,4295,4316,4342,4357,4359,4389,4410,4451,519,13.66%,135,3.12%,"September 21, 2016"
Naselle-Grays River Valley School District,5520,25155,112,2087,2099,2105,2106,2117,2139,2175,2191,2210,2231,2240,2249,2249,2264,2228,2218,2224,153,7.33%,-16,,"September 21, 2016"
Nespelem School District,5550,24014,171,1321,1328,1332,1330,1334,1335,1346,1337,1340,1351,1354,1348,1350,1347,1343,1354,1341,33,2.47%,-13,,"September 21, 2016"
Newport School District,5610,26056,101,7279,7392,7456,7525,7569,7661,7742,7886,7981,8043,8083,8088,8135,8160,8197,8234,8258,804,11.05%,175,2.17%,"September 21, 2016"
Nine Mile Falls School District,5640,32325,101,7304,7435,7569,7683,7815,7977,8165,8326,8497,8627,8720,8741,8760,8752,8766,8759,8779,1416,19.38%,59,0.67%,"September 21, 2016"
Nooksack Valley School District,5670,37506,189,8622,8803,8937,8994,9180,9389,9618,9850,9940,10014,10056,10157,10258,10400,10485,10555,10686,1434,16.63%,630,6.26%,"September 21, 2016"
North Beach School District,5700,14064,113,5692,5938,6100,6234,6405,6587,6771,6927,7062,7198,7329,7391,7549,7679,7768,7806,7815,1637,28.76%,486,6.63%,"September 21, 2016"
North Franklin School District,5730,11051,123,7830,7701,7690,7802,8059,8350,8606,8784,8891,9026,9182,10140,10309,10508,10368,10400,10473,1352,17.27%,1291,14.06%,"September 21, 2016"
North Kitsap School District,5760,18400,114,39153,39840,40662,41496,42078,42254,43344,44297,45073,45654,45966,46259,46310,46873,47298,47607,48324,6813,17.40%,2358,5.13%,"September 21, 2016"
North Mason School District,5790,23403,114,11043,11292,11634,11972,12372,12824,13277,13818,14270,14541,14752,14961,15033,15133,15236,15324,15314,3709,33.59%,562,3.81%,"September 21, 2016"
North River School District,5820,25200,113,250,250,246,242,239,237,236,232,229,226,223,228,228,227,227,232,231,-27,( 10.884%),8,3.43%,"September 21, 2016"
North Thurston Public Schools,5850,34003,113,75870,77053,78709,80396,82331,84793,86730,88923,91041,92863,94104,94770,95826,96775,97933,98896,101145,18234,24.03%,7041,7.48%,"September 21, 2016"
Northport School District,5880,33211,101,1469,1467,1466,1468,1470,1475,1484,1487,1495,1492,1482,1484,1493,1496,1506,1515,1517,13,0.87%,35,2.33%,"September 21, 2016"
Northshore School District,5910,17417,121,108018,109512,111128,112232,113310,114685,116845,118730,120179,121326,122684,123949,125740,128037,130487,132922,136505,14666,13.58%,13821,11.27%,"September 21, 2016"
Oak Harbor School District,5940,15201,189,35752,35863,36265,36364,36681,37233,37703,38072,38093,38054,37813,37983,38251,38133,38008,38198,40138,2061,5.76%,2325,6.15%,"September 21, 2016"
Oakesdale School District,5970,38324,101,878,861,858,845,848,852,847,834,847,834,837,839,839,838,843,849,857,-41,(  4.629%),20,2.44%,"September 21, 2016"
Oakville School District,6000,14400,113,2164,2214,2233,2242,2263,2289,2316,2333,2343,2354,2363,2379,2385,2381,2380,2365,2351,199,9.20%,-12,,"September 21, 2016"
Ocean Beach School District,6060,25101,112,9708,9728,9727,9663,9699,9740,9883,9864,9881,9981,10032,10012,10074,10102,10210,10311,10307,324,3.33%,275,2.74%,"September 21, 2016"
Ocosta School District,6090,14172,113,5666,5921,6106,6262,6458,6664,6884,7062,7226,7398,7559,7598,7615,7610,7625,7620,7580,1893,33.42%,21,0.27%,"September 21, 2016"
Odessa School District,6120,22105,101,1648,1648,1622,1586,1589,1577,1565,1560,1553,1533,1509,1513,1526,1520,1520,1528,1517,-139,(  8.452%),8,0.54%,"September 21, 2016"
Okanogan School District,6150,24105,171,5462,5494,5513,5509,5528,5539,5589,5553,5572,5620,5637,5653,5638,5611,5628,5622,5593,175,3.21%,-44,,"September 21, 2016"
Olympia School District,6180,34111,113,54343,54631,55258,55910,56735,57917,58736,59726,60663,61400,61756,62192,62975,64070,65227,66286,67036,7413,13.64%,5280,8.55%,"September 21, 2016"
Omak School District,6220,24019,171,10327,10371,10388,10364,10382,10385,10460,10377,10394,10467,10481,10482,10491,10486,10508,10584,10552,154,1.49%,71,0.67%,"September 21, 2016"
Onalaska School District,6240,21300,113,4530,4612,4691,4741,4816,4894,5010,5107,5193,5254,5293,5349,5360,5354,5365,5398,5440,763,16.85%,147,2.78%,"September 21, 2016"
Onion Creek School District,6270,33030,101,393,393,393,393,394,396,398,399,401,401,398,396,396,397,396,396,396,5,1.15%,-2,,"September 21, 2016"
Orcas Island School District,6300,28137,189,4649,4774,4879,4933,5005,5104,5188,5241,5308,5360,5387,5446,5465,5474,5513,5536,5582,738,15.88%,195,3.62%,"September 21, 2016"
Orchard Prairie School District,6330,32123,101,682,683,685,678,676,678,685,689,691,694,694,698,702,707,714,716,708,12,1.69%,14,2.08%,"September 21, 2016"
Orient School District,6360,10065,101,838,843,847,851,853,859,867,871,878,881,879,884,888,891,894,905,904,41,4.84%,25,2.88%,"September 21, 2016"
Orondo School District,6390,9013,171,1303,1323,1336,1375,1402,1434,1487,1532,1580,1624,1651,1687,1712,1759,1805,1822,1855,348,26.67%,204,12.35%,"September 21, 2016"
Oroville School District,6420,24410,171,4321,4344,4357,4352,4365,4372,4409,4379,4392,4428,4439,4449,4526,4561,4558,4584,4560,118,2.74%,121,2.73%,"September 21, 2016"
Orting School District,6450,27344,121,9087,9505,9968,10419,10884,11373,11925,12416,12821,13144,13391,13332,13393,13577,13726,14012,14352,4304,47.36%,961,7.17%,"September 21, 2016"
Othello School District,6480,1147,123,12297,12575,12817,13033,13434,13647,13778,14071,14350,14594,14916,15083,15178,15333,15512,15565,15689,2619,21.30%,773,5.18%,"September 21, 2016"
Palisades School District,6510,9102,171,434,413,391,376,358,341,330,316,302,287,269,271,271,272,274,277,281,-165,( 38.061%),12,4.58%,"September 21, 2016"
Palouse School District,6540,38301,101,1409,1386,1387,1370,1380,1391,1388,1372,1398,1381,1391,1402,1419,1427,1437,1443,1470,-18,(  1.268%),79,5.65%,"September 21, 2016"
Pasco School District,6570,11001,123,40673,41962,43803,46315,49716,53404,56934,59965,62512,65259,68155,69536,71362,73429,75405,75919,77346,27482,67.57%,9191,13.49%,"September 21, 2016"
Pateros School District,6600,24122,171,1610,1607,1600,1587,1581,1573,1575,1554,1548,1549,1542,1544,1559,1558,1562,1436,1468,-68,(  4.205%),-74,,"September 21, 2016"
Paterson School District,6630,3050,123,415,417,420,425,430,434,437,439,441,446,451,459,458,453,450,447,449,36,8.66%,-2,,"September 21, 2016"
Pe Ell School District,6660,21301,113,1628,1641,1653,1655,1665,1677,1701,1719,1732,1738,1737,1737,1738,1731,1724,1735,1734,109,6.68%,-3,,"September 21, 2016"
Peninsula School District,6690,27401,121,53871,54574,55536,56423,57378,58448,59821,60864,61487,61734,61651,61958,62444,63169,63643,64839,66117,7780,14.44%,4466,7.25%,"September 21, 2016"
Pioneer School District,6750,23402,113,7823,7961,8166,8367,8615,8902,9184,9529,9812,9967,10083,10145,10197,10224,10249,10355,10314,2260,28.89%,231,2.3%,"September 21, 2016"
Pomeroy School District,6780,12110,123,2346,2329,2309,2290,2265,2252,2241,2220,2208,2200,2191,2176,2176,2173,2163,2182,2126,-155,(  6.604%),-65,,"September 21, 2016"
Port Angeles School District,6820,5121,114,28612,28684,28820,28890,29078,29330,29723,29952,30130,30145,30152,30259,30317,30396,30420,30462,30704,1540,5.38%,552,1.83%,"September 21, 2016"
Port Townsend School District,6840,16050,114,12721,12881,13095,13175,13348,13629,13849,14024,14195,14246,14278,14372,14404,14475,14680,14756,14898,1557,12.24%,620,4.35%,"September 21, 2016"
Prescott School District,6870,36402,123,1699,1652,1611,1575,1547,1525,1486,1456,1419,1387,1349,1349,1357,1361,1363,1342,1323,-350,( 20.615%),-26,,"September 21, 2016"
Prosser School District,6900,3116,123,11490,11603,11735,11914,12117,12278,12407,12525,12619,12808,12996,13127,13173,13249,13294,13329,13441,1506,13.10%,445,3.42%,"September 21, 2016"
Pullman School District,6930,38267,101,27081,27159,27681,27856,28560,29323,29768,29930,31023,31178,31922,31930,33093,33109,33561,34267,34836,4841,17.88%,2914,9.13%,"September 21, 2016"
Puyallup School District,6960,27003,121,95881,98054,100693,103200,105836,108691,112123,114949,116982,118290,118946,119353,120264,121424,122848,124394,126544,23065,24.06%,7598,6.39%,"September 21, 2016"
Queets-Clearwater School District,1380,16020,114,600,603,609,608,612,621,626,630,633,632,629,621,637,636,644,653,646,29,4.76%,17,2.65%,"September 21, 2016"
Quilcene School District,6990,16048,114,1597,1613,1637,1644,1663,1694,1719,1737,1756,1759,1760,1782,1799,1820,1854,1866,1845,163,10.23%,85,4.82%,"September 21, 2016"
Quillayute Valley School District,7020,5402,114,6750,6728,6721,6697,6701,6721,6770,6782,6783,6747,6709,6683,6743,6764,6783,6794,6837,-41,(  0.611%),128,1.9%,"September 21, 2016"
Quincy School District,7080,13144,171,9953,10100,10226,10289,10474,10614,10825,11070,11357,11576,11750,12055,12248,12333,12629,12694,12797,1797,18.05%,1047,8.91%,"September 21, 2016"
Rainier School District,7110,34307,113,4021,4091,4186,4283,4393,4531,4641,4765,4885,4989,5062,5121,5144,5173,5200,5273,5355,1041,25.89%,293,5.78%,"September 21, 2016"
Raymond School District,7140,25116,113,3831,3810,3782,3730,3716,3705,3732,3697,3676,3686,3678,3664,3680,3683,3683,3691,3682,-153,(  3.981%),4,0.1%,"September 21, 2016"
Reardan-Edwall School District,7210,22009,101,3654,3729,3778,3787,3853,3922,4004,4085,4159,4217,4260,4277,4318,4342,4363,4363,4355,606,16.59%,95,2.22%,"September 21, 2016"
Renton School District,7230,17403,121,95149,97131,99312,100850,102500,104230,106882,109292,111363,113319,115511,117157,117958,119496,121464,122847,125942,20362,21.40%,10431,9.03%,"September 21, 2016"
Republic School District,7260,10309,101,2996,3046,3079,3103,3109,3141,3183,3208,3244,3276,3288,3313,3333,3348,3362,3374,3370,292,9.76%,82,2.5%,"September 21, 2016"
Richland School District,7320,3400,123,49428,50551,51754,53173,54698,56037,57221,58359,59376,60854,62323,63674,64841,66590,68032,69130,69740,12895,26.09%,7417,11.9%,"September 21, 2016"
Ridgefield School District,7350,6122,112,10130,10493,10997,11415,11897,12317,12766,13147,13478,13752,13923,14183,14540,15012,15635,16220,17139,3793,37.45%,3216,23.1%,"September 21, 2016"
Ritzville School District,7380,1160,101,2475,2472,2461,2443,2460,2440,2407,2404,2399,2387,2388,2436,2427,2424,2420,2397,2396,-87,(  3.512%),8,0.35%,"September 21, 2016"
Riverside School District,7440,32416,101,9683,9856,10033,10090,10208,10403,10646,10867,11062,11250,11407,11463,11594,11663,11763,11736,11750,1724,17.80%,343,3.01%,"September 21, 2016"
Riverview School District,4560,17407,121,16040,16359,16711,16954,17217,17493,17924,18314,18647,18961,19315,19415,19744,20049,20486,20565,20913,3275,20.42%,1598,8.27%,"September 21, 2016"
Rochester School District,7470,34401,113,10997,11234,11538,11846,12190,12612,12959,13343,13716,14044,14285,14200,14207,14245,14321,14417,14671,3288,29.90%,386,2.7%,"September 21, 2016"
Roosevelt School District,7530,20403,112,148,154,160,165,172,178,185,191,196,202,207,211,212,216,215,215,223,59,39.85%,16,7.57%,"September 21, 2016"
Rosalia School District,7560,38320,101,1258,1223,1209,1179,1172,1166,1148,1120,1125,1097,1089,1092,1091,1095,1094,1093,1102,-169,( 13.448%),13,1.17%,"September 21, 2016"
Royal School District,7620,13160,105,5482,5559,5626,5656,5755,5829,5942,6073,6228,6345,6437,6481,6516,6558,6600,6642,6595,955,17.43%,158,2.46%,"September 21, 2016"
San Juan Island School District,7650,28149,189,6895,7048,7170,7217,7290,7404,7495,7540,7608,7652,7662,7703,7687,7748,7792,7839,7915,767,11.12%,253,3.3%,"September 21, 2016"
Satsop School District,7680,14104,113,540,551,554,555,559,564,570,572,574,575,576,575,576,576,574,569,561,36,6.73%,-15,,"September 21, 2016"
Seattle School District,7710,17001,121,564130,568347,573723,575407,577792,580674,588668,595267,599995,604107,609471,612915,617319,627421,641329,663229,687635,45341,8.04%,78164,12.83%,"September 21, 2016"
Sedro-Woolley School District,7740,29101,189,22997,23290,23661,23847,24271,24613,25101,25508,25861,26138,26212,26400,26490,26564,26735,26996,27231,3215,13.98%,1019,3.89%,"September 21, 2016"
Selah School District,7770,39119,105,17106,17231,17272,17514,17670,17814,18005,18196,18395,18560,18675,18835,19009,19094,19201,19128,19099,1569,9.17%,424,2.27%,"September 21, 2016"
Selkirk School District,7800,26070,101,2051,2077,2088,2101,2107,2127,2143,2177,2197,2208,2213,2214,2236,2252,2273,2266,2272,162,7.91%,59,2.65%,"September 21, 2016"
Sequim School District,7830,5323,114,23649,24151,24705,25199,25795,26453,27239,27880,28476,28915,29342,29451,29716,29967,30109,30188,30609,5693,24.07%,1267,4.32%,"September 21, 2016"
Shaw Island School District,7860,28010,189,235,238,240,240,240,242,243,242,242,242,240,243,244,244,243,241,243,5,2.11%,3,1.22%,"September 21, 2016"
Shelton School District,7900,23309,113,20742,20811,21061,21303,21663,22118,22558,23147,23580,23709,23747,23800,23940,24055,24094,23993,24140,3005,14.49%,393,1.66%,"September 21, 2016"
Shoreline School District,7920,17412,121,66110,66017,66058,65676,65378,65141,65476,65650,65615,65513,65547,65752,65842,66274,66664,67234,67853,-563,(  0.852%),2306,3.52%,"September 21, 2016"
Skamania School District,7950,30002,112,762,761,762,761,768,779,792,794,792,790,789,795,803,804,802,800,796,27,3.58%,7,0.85%,"September 21, 2016"
Skykomish School District,7980,17404,121,638,637,636,632,629,626,629,630,629,627,627,632,652,662,680,679,693,-11,(  1.728%),66,10.58%,"September 21, 2016"
Snohomish School District,8020,31201,189,43461,44379,45268,46102,46804,47776,48908,49925,50713,51250,51850,52145,52524,53006,53383,54353,55213,8389,19.30%,3363,6.49%,"September 21, 2016"
Snoqualmie Valley School District,8040,17410,121,25034,26021,27062,27927,28819,29730,30906,32016,33028,34005,35054,35448,36058,36786,37850,38830,39348,10020,40.03%,4294,12.25%,"September 21, 2016"
Soap Lake School District,8070,13156,171,3243,3239,3229,3200,3209,3205,3222,3249,3287,3305,3310,3333,3339,3348,3375,3352,3385,67,2.07%,75,2.26%,"September 21, 2016"
South Bend School District,8100,25118,113,2728,2706,2679,2634,2617,2602,2613,2581,2559,2559,2545,2543,2537,2535,2542,2534,2529,-183,(  6.709%),-16,,"September 21, 2016"
South Kitsap School District,8160,18402,114,61165,61858,62762,63679,64210,64128,65432,66524,67349,67881,68017,68749,68945,69118,69568,69980,70785,6852,11.20%,2768,4.07%,"September 21, 2016"
South Whidbey School District,8190,15206,189,13998,14094,14305,14397,14574,14846,15086,15287,15347,15383,15336,15385,15470,15658,15848,16033,16217,1338,9.56%,881,5.75%,"September 21, 2016"
Southside School District,8220,23042,113,2049,2044,2057,2070,2093,2126,2157,2202,2233,2234,2227,2249,2251,2262,2247,2255,2255,178,8.67%,28,1.27%,"September 21, 2016"
Spokane Public Schools,8250,32081,101,210615,211594,212793,211283,211220,212788,215390,217386,218886,220312,221110,221337,221420,222659,223977,224993,226692,10495,4.98%,5582,2.53%,"September 21, 2016"
Sprague School District,8280,22008,101,730,731,720,703,706,702,698,697,695,686,675,673,674,674,672,675,664,-55,(  7.530%),-11,,"September 21, 2016"
St. John School District,8310,38322,101,1159,1133,1126,1105,1105,1107,1097,1077,1089,1069,1069,1054,1031,1032,1044,1045,1059,-90,(  7.776%),-10,,"September 21, 2016"
Stanwood-Camano School District,8340,31401,189,27853,28349,28946,29408,29911,30598,31308,31941,32358,32665,32907,32974,33194,33435,33907,34389,34796,5054,18.14%,1889,5.74%,"September 21, 2016"
Star School District,8370,11054,123,89,85,82,80,80,80,80,79,78,76,75,75,75,78,75,74,76,-14,( 15.735%),1,1.01%,"September 21, 2016"
Starbuck School District,8400,7035,123,170,172,172,171,172,172,172,170,170,170,169,170,169,169,168,167,166,-1,(  0.370%),-3,,"September 21, 2016"
Stehekin School District,8430,4069,171,102,102,102,101,101,102,103,104,104,104,104,104,106,106,106,107,111,2,1.95%,7,7.03%,"September 21, 2016"
Steilacoom Historical School District,8460,27001,121,16041,16507,17051,17573,18118,18701,19384,19964,20406,20721,20920,20019,20283,20569,20924,21103,21226,4879,30.41%,306,1.47%,"September 21, 2016"
Steptoe School District,8490,38304,101,282,278,278,275,277,280,279,276,282,279,281,279,281,282,281,281,287,-1,(  0.483%),6,2.02%,"September 21, 2016"
Stevenson-Carson School District,8520,30303,112,5552,5588,5644,5682,5774,5901,6046,6108,6133,6161,6199,6258,6335,6340,6381,6414,6448,647,11.66%,249,4.01%,"September 21, 2016"
Sultan School District,8550,31311,189,11624,11796,11960,12109,12223,12408,12634,12830,12967,13040,13130,13130,13172,13179,13204,13398,13696,1506,12.96%,566,4.31%,"September 21, 2016"
Summit Valley School District,8580,33202,101,550,556,562,569,577,585,596,603,613,619,621,623,623,625,628,631,628,71,12.92%,7,1.08%,"September 21, 2016"
Sumner School District,8610,27320,121,36174,36857,37716,38524,39380,40317,41465,42388,43019,43383,43512,43679,44046,44463,45464,47082,48061,7338,20.29%,4549,10.45%,"September 21, 2016"
Sunnyside School District,8670,39201,105,21969,22165,22253,22600,22835,23056,23337,23619,23910,24159,24342,24543,24670,24761,24823,24884,25079,2373,10.80%,737,3.03%,"September 21, 2016"
Tacoma Public Schools,8700,27010,121,203325,203608,204852,205804,206995,208583,211219,212661,212630,211324,208938,209421,210202,211062,211648,213139,217060,5613,2.76%,8122,3.89%,"September 21, 2016"
Taholah School District,8730,14077,113,931,947,949,947,950,955,960,962,960,959,957,1003,1003,1001,999,993,1006,26,2.78%,49,5.08%,"September 21, 2016"
Tahoma School District,8760,17409,121,28404,29285,30226,30971,31747,32547,33635,34649,35558,36429,37376,37591,38164,38907,39544,39891,40210,8972,31.59%,2834,7.58%,"September 21, 2016"
Tekoa School District,8790,38265,101,995,975,972,956,959,963,957,942,955,940,943,944,954,940,944,953,951,-52,(  5.211%),8,0.88%,"September 21, 2016"
Tenino School District,8820,34402,113,8089,8160,8282,8407,8558,8764,8915,9091,9260,9399,9479,9532,9590,9644,9746,9853,10052,1390,17.19%,573,6.05%,"September 21, 2016"
Thorp School District,8850,19400,105,1175,1192,1208,1238,1280,1307,1321,1351,1382,1398,1402,1419,1423,1444,1438,1442,1475,227,19.28%,73,5.24%,"September 21, 2016"
Toledo School District,8910,21237,113,3919,3971,4020,4045,4090,4138,4219,4283,4337,4371,4387,4410,4418,4410,4426,4452,4455,468,11.94%,68,1.55%,"September 21, 2016"
Tonasket School District,8940,24404,171,6209,6269,6313,6332,6376,6411,6492,6473,6517,6596,6638,6640,6678,6686,6721,6757,6702,429,6.92%,64,0.96%,"September 21, 2016"
Toppenish School District,8970,39202,105,14110,14114,14051,14151,14180,14201,14259,14317,14379,14417,14415,14462,14481,14494,14507,14530,14580,305,2.16%,165,1.14%,"September 21, 2016"
Touchet School District,9000,36300,123,983,989,999,1012,1031,1054,1065,1083,1096,1113,1124,1129,1145,1156,1164,1148,1148,141,14.39%,24,2.13%,"September 21, 2016"
Toutle Lake School District,9030,8130,112,2883,2936,2977,3025,3065,3115,3177,3235,3288,3325,3348,3382,3400,3424,3472,3506,3569,465,16.12%,221,6.59%,"September 21, 2016"
Trout Lake School District,9060,20400,112,807,823,836,851,869,884,904,920,935,946,959,971,983,993,996,1016,1048,152,18.82%,89,9.33%,"September 21, 2016"
Tukwila School District,8130,17406,121,16140,16320,16534,16642,16769,16910,17201,17451,17646,17824,18038,17975,18008,18078,18135,18200,18420,1898,11.76%,382,2.12%,"September 21, 2016"
Tumwater School District,9100,34033,113,31395,31650,32100,32564,33129,33903,34466,35129,35761,36276,36566,36943,37451,38052,38831,39411,40430,5171,16.47%,3864,10.57%,"September 21, 2016"
Union Gap School District,9150,39002,105,3179,3196,3197,3236,3259,3279,3308,3338,3368,3393,3408,3448,3485,3485,3495,3501,3483,229,7.20%,75,2.2%,"September 21, 2016"
University Place School District,9180,27083,121,27636,27729,27953,28137,28354,28626,29043,29296,29347,29221,28944,28969,29065,29130,29211,29509,30008,1308,4.73%,1064,3.68%,"September 21, 2016"
Valley School District,9240,33070,101,1226,1242,1259,1278,1297,1319,1345,1365,1390,1405,1413,1417,1421,1428,1423,1429,1432,187,15.26%,19,1.34%,"September 21, 2016"
Vancouver Public Schools,9270,6037,112,124298,125958,129273,131545,134524,136778,139339,141145,142423,143130,142811,143546,144580,145852,148116,151201,153679,18513,14.89%,10868,7.61%,"September 21, 2016"
Vashon Island School District,9300,17402,121,10123,10168,10233,10232,10244,10265,10377,10463,10517,10559,10624,10682,10804,10859,10984,11031,11024,501,4.95%,400,3.77%,"September 21, 2016"
Wahkiakum School District,9330,35200,112,2985,2995,2994,3005,3003,3040,3079,3124,3161,3164,3148,3170,3195,3179,3177,3153,3182,163,5.46%,34,1.08%,"September 21, 2016"
Wahluke School District,9360,13073,105,5560,5819,6066,6270,6549,6799,7094,7413,7763,8068,8342,8414,8525,8581,8558,8684,8834,2782,50.05%,492,5.89%,"September 21, 2016"
Waitsburg School District,9390,36401,123,1584,1571,1562,1558,1562,1572,1565,1566,1561,1562,1555,1557,1560,1563,1563,1571,1561,-29,(  1.829%),6,0.38%,"September 21, 2016"
Walla Walla School District,9450,36140,123,35592,35508,35566,35738,36096,36601,36709,37017,37183,37470,37579,37508,37662,37880,38297,38903,38867,1987,5.58%,1288,3.43%,"September 21, 2016"
Wapato School District,9480,39207,105,13612,13603,13529,13612,13628,13635,13678,13721,13768,13791,13777,13844,13892,13926,13961,13994,13954,165,1.22%,177,1.29%,"September 21, 2016"
Warden School District,9510,13146,171,3845,3851,3849,3824,3845,3849,3878,3920,3975,4006,4022,4027,4035,4043,4060,4063,4080,177,4.60%,58,1.45%,"September 21, 2016"
Washougal School District,9540,6112,112,14270,14731,15370,15898,16522,17083,17685,18176,18593,18942,19168,19281,19448,19673,20022,20318,20770,4898,34.32%,1602,8.36%,"September 21, 2016"
Washtucna School District,9570,1109,101,391,384,376,367,363,353,342,335,328,319,313,312,316,321,325,312,316,-78,( 19.980%),3,0.85%,"September 21, 2016"
Waterville School District,9600,9209,171,1675,1655,1628,1631,1621,1618,1638,1648,1661,1669,1659,1669,1674,1679,1695,1697,1710,-16,(  0.970%),51,3.05%,"September 21, 2016"
Wellpinit School District,9630,33049,101,1112,1110,1108,1109,1110,1114,1120,1122,1127,1124,1116,1115,1115,1118,1115,1113,1114,4,0.40%,-2,,"September 21, 2016"
Wenatchee School District,9660,4246,171,38128,38411,38822,39002,39413,40081,40740,41369,42085,42427,42698,42853,43024,43251,43862,44158,44430,4570,11.99%,1732,4.06%,"September 21, 2016"
West Valley School District (Spokane),9690,32363,101,16883,17076,17287,17277,17383,17623,17950,18227,18464,18694,18872,18953,19097,19466,19685,19862,19936,1989,11.78%,1064,5.64%,"September 21, 2016"
West Valley School District (Yakima),9720,39208,105,24317,24704,24970,25524,25955,26368,26851,27336,27831,28278,28648,28845,29023,29285,29405,29503,29434,4331,17.81%,786,2.74%,"September 21, 2016"
White Pass School District,9750,21303,113,4491,4455,4417,4351,4309,4270,4263,4239,4205,4151,4080,4163,4219,4241,4231,4252,4204,-411,(  9.145%),124,3.04%,"September 21, 2016"
White River School District,9780,27416,121,19906,20099,20388,20649,20934,21261,21697,22013,22176,22205,22116,22068,22186,22299,22381,22570,22925,2210,11.10%,809,3.66%,"September 21, 2016"
White Salmon Valley School District,9810,20405,112,6692,6805,6909,7015,7158,7279,7444,7564,7671,7756,7849,7909,7954,7987,8063,8179,8310,1157,17.29%,461,5.87%,"September 21, 2016"
Wilbur School District,9840,22200,101,1462,1464,1440,1406,1410,1401,1393,1389,1384,1366,1342,1342,1355,1353,1351,1354,1347,-120,(  8.227%),5,0.35%,"September 21, 2016"
Willapa Valley School District,9870,25160,113,2267,2260,2249,2223,2221,2219,2241,2226,2219,2230,2231,2231,2229,2228,2235,2239,2227,-36,(  1.583%),-4,,"September 21, 2016"
Wilson Creek School District,9900,13167,171,608,604,598,589,587,583,582,583,586,586,583,586,587,594,593,592,596,-25,(  4.124%),13,2.21%,"September 21, 2016"
Winlock School District,9930,21232,113,3978,4030,4079,4103,4149,4197,4278,4342,4397,4431,4446,4447,4457,4451,4448,4470,4485,468,11.76%,39,0.87%,"September 21, 2016"
Wishkah Valley School District,9990,14117,113,877,885,880,871,868,866,864,859,851,843,835,841,860,855,852,850,840,-42,(  4.759%),5,0.59%,"September 21, 2016"
Wishram School District,10020,20094,112,398,398,397,396,397,396,398,398,397,395,394,400,397,397,400,396,397,-4,(  1.015%),3,0.69%,"September 21, 2016"
Woodland School District,10050,8404,112,9096,9398,9686,9982,10263,10567,10907,11228,11532,11778,11971,12046,12108,12135,12272,12520,12700,2875,31.60%,729,6.09%,"September 21, 2016"
Yakima School District,10110,39007,105,72746,73078,73057,73884,74347,74763,75373,75986,76626,77132,77427,77634,77881,78308,78766,78855,78976,4681,6.44%,1549,2%,"September 21, 2016"
Yelm Community Schools,10140,34002,113,20857,21593,22452,23312,24237,25301,26262,27265,28220,29070,29740,30042,30305,30843,31364,31856,32526,8883,42.59%,2786,9.37%,"September 21, 2016"
Zillah School District,10170,39205,105,4225,4307,4367,4478,4568,4654,4752,4851,4952,5045,5123,5185,5223,5267,5315,5321,5311,898,21.25%,188,3.67%,"September 21, 2016"
